,"#loc SMT definitional axiom",,
,"fork","upstream","Upstream - fork"
,,,
"average",7.29810725552051,45.692429022082,38.3943217665615
"max",40,446,406
"min",,,-6
,,,
"testcase_function",,,
"all/basic/abstract_funcs_and_preds.vpr_fun03",1,1,0
"all/basic/func2.vpr_f1",1,3,2
"all/basic/func2.vpr_f4",1,3,2
"all/basic/func3.vpr_f1",1,3,2
"all/basic/func3.vpr_f3",1,5,4
"all/basic/func3.vpr_f4",1,3,2
"all/basic/funcpred.vpr_itemat",12,21,9
"all/basic/func.vpr_f1",1,1,0
"all/basic/func.vpr_f2",1,1,0
"all/basic/func.vpr_f3",1,1,0
"all/basic/func.vpr_f4",1,1,0
"all/basic/func.vpr_f5",3,3,0
"all/basic/func.vpr_f6",1,1,0
"all/basic/func.vpr_f7",1,1,0
"all/basic/func.vpr_f8",3,1,-2
"all/basic/let.vpr_fun01",1,5,4
"all/basic/let.vpr_fun02",1,3,2
"all/basic/quantifiers.vpr_Cell_get",1,1,0
"all/basic/quantifiers.vpr_f",1,1,0
"all/basic/quantifiers.vpr_f2",1,1,0
"all/basic/quantifiers.vpr_g",1,1,0
"all/basic/quantifiers.vpr_g2",1,1,0
"all/basic/quantifiers.vpr_reqIGt0",1,1,0
"all/chalice/cyclic-list.vpr_itemAt",12,16,4
"all/chalice/cyclic-list.vpr_length",8,8,0
"all/chalice/FoldUnfoldExperiments.vpr_getX",1,1,0
"all/chalice/FoldUnfoldExperiments.vpr_getY",1,1,0
"all/chalice/framing-functions.vpr_itemAt",12,16,4
"all/chalice/internal-bug-1.vpr_get",1,1,0
"all/chalice/internal-bug-6.vpr_foo",1,1,0
"all/chalice/internal-bug-7.vpr_length",8,8,0
"all/chalice/RingBufferRd.vpr_Capacity",3,7,4
"all/chalice/RingBufferRd.vpr_Contents",32,33,1
"all/chalice/RingBufferRd.vpr_HeadF",10,14,4
"all/chalice/setset.vpr_get",1,1,0
"all/chalice/test10.vpr_get",1,1,0
"all/chalice/test1.vpr_get",1,1,0
"all/chalice/test2.vpr_getX",1,1,0
"all/chalice/test2.vpr_getY",1,1,0
"all/chalice/test2.vpr_getZ",1,1,0
"all/chalice/test3.vpr_get",1,1,0
"all/chalice/test7.vpr_get",1,1,0
"all/chalice/test8.vpr_get",1,1,0
"all/functions/applying.vpr_g",1,1,0
"all/functions/applying.vpr_g2",1,1,0
"all/functions/basic.vpr_add",1,9,8
"all/functions/basic.vpr_add3",3,5,2
"all/functions/basic.vpr_tern",1,1,0
"all/functions/framing_abstract_functions.vpr_fun02",1,1,0
"all/functions/functions.vpr_fun1",3,7,4
"all/functions/functions.vpr_fun2",3,7,4
"all/functions/functions.vpr_fun3",1,1,0
"all/functions/functions.vpr_fun4",5,7,2
"all/functions/functions.vpr_fun5",8,8,0
"all/functions/functions.vpr_fun6",1,1,0
"all/functions/linkedlists.vpr_ascending",11,15,4
"all/functions/linkedlists.vpr_contains",9,16,7
"all/functions/linkedlists.vpr_elems",10,12,2
"all/functions/linkedlists.vpr_get",12,18,6
"all/functions/linkedlists.vpr_head",3,5,2
"all/functions/linkedlists.vpr_last",8,10,2
"all/functions/linkedlists.vpr_length",10,12,2
"all/functions/linkedlists.vpr_sum",10,12,2
"all/functions/linkedlists.vpr_tail",3,5,2
"all/functions/nested.vpr_fun1",5,5,0
"all/functions/nested.vpr_fun2",1,1,0
"all/functions/nested.vpr_fun3",1,1,0
"all/functions/nested.vpr_fun4",12,19,7
"all/functions/nested.vpr_fun6",1,1,0
"all/functions/nested.vpr_fun7",6,6,0
"all/functions/recursion.vpr_fac",5,5,0
"all/functions/recursive_unrolling.vpr_length",8,8,0
"all/functions/unfolding_nonnull.vpr_fun3",1,1,0
"all/functions/unfolding_nonnull.vpr_fun4",1,1,0
"all/functions/unfolding.vpr_add",7,7,0
"all/functions/unfolding.vpr_fun1",5,5,0
"all/functions/unfolding.vpr_fun2",3,3,0
"all/functions/unfolding.vpr_fun3",3,3,0
"all/functions/unfolding.vpr_getf",1,1,0
"all/functions/unfolding.vpr_sum",5,5,0
"all/functions/wildcards.vpr_f1",1,5,4
"all/functions/wildcards.vpr_f2",1,5,4
"all/issues/carbon/0008.vpr_reqIGt0",1,1,0
"all/issues/carbon/0042.vpr_fun01",6,6,0
"all/issues/carbon/0045.vpr_sum",5,5,0
"all/issues/carbon/0055.vpr_Nodecontains$",14,36,22
"all/issues/carbon/0055.vpr_Nodesize$",13,20,7
"all/issues/carbon/0056.vpr_PhilosophergetLeft$",5,9,4
"all/issues/carbon/0056.vpr_PhilosophergetRight$",5,9,4
"all/issues/carbon/0064.vpr_Nodesize",1,3,2
"all/issues/carbon/0076.vpr_contentNodes",13,13,0
"all/issues/carbon/0080.vpr_readValid",1,1,0
"all/issues/carbon/0082.vpr_readValid",1,5,4
"all/issues/carbon/0097.vpr_sum_fail",3,7,4
"all/issues/carbon/0097.vpr_sum_ok",3,7,4
"all/issues/carbon/0112.vpr_fun02",1,1,0
"all/issues/carbon/0112.vpr_fun04",1,1,0
"all/issues/carbon/0112.vpr_fun08",1,1,0
"all/issues/carbon/0112.vpr_fun12",1,3,2
"all/issues/carbon/0112.vpr_fun14",1,1,0
"all/issues/carbon/0112.vpr_fun18",1,3,2
"all/issues/carbon/0172.vpr_t",1,1,0
"all/issues/carbon/0173.vpr_t",1,1,0
"all/issues/carbon/0192.vpr_extension_len_rec",10,90,80
"all/issues/carbon/0195.vpr_func",5,5,0
"all/issues/carbon/0200.vpr_SCIONPath_get_hof",3,7,4
"all/issues/carbon/0202.vpr_dummy",1,1,0
"all/issues/carbon/0222.vpr_foo",1,3,2
"all/issues/carbon/0223.vpr_get",1,31,30
"all/issues/carbon/0238.vpr_get",1,1,0
"all/issues/carbon/0271.vpr_foo",1,16,15
"all/issues/carbon/0271.vpr_someFun",1,12,11
"all/issues/silicon/0005a.vpr_trigF",1,1,0
"all/issues/silicon/0005a.vpr_trigG",1,1,0
"all/issues/silicon/0005b.vpr_Triggersf$",5,12,7
"all/issues/silicon/0005b.vpr_Triggersg$",5,12,7
"all/issues/silicon/0005b.vpr_Triggersh$",5,12,7
"all/issues/silicon/0005b.vpr_Triggersi$",5,12,7
"all/issues/silicon/0006.vpr_bar",1,1,0
"all/issues/silicon/0033.vpr_size_0",15,17,2
"all/issues/silicon/0033.vpr_size",10,12,2
"all/issues/silicon/0039a.vpr_at",12,20,8
"all/issues/silicon/0039a.vpr_size",10,12,2
"all/issues/silicon/0039b.vpr_List_size",8,6,-2
"all/issues/silicon/0039b.vpr_Node_size",11,11,0
"all/issues/silicon/0039b.vpr_Node_val",3,1,-2
"all/issues/silicon/0041.vpr_SL_length",8,8,0
"all/issues/silicon/0042.vpr_size",8,13,5
"all/issues/silicon/0088.vpr_fib",10,10,0
"all/issues/silicon/0097.vpr_PseudoListget$",10,17,7
"all/issues/silicon/0112.vpr_val",6,6,0
"all/issues/silicon/0113.vpr_contains",12,36,24
"all/issues/silicon/0114.vpr_fun1",1,1,0
"all/issues/silicon/0114.vpr_fun2",1,1,0
"all/issues/silicon/0117.vpr_fun",1,1,0
"all/issues/silicon/0117.vpr_fun1",1,1,0
"all/issues/silicon/0117.vpr_fun2",1,1,0
"all/issues/silicon/0118-reduced.vpr_get",10,12,2
"all/issues/silicon/0118-reduced.vpr_length",1,1,0
"all/issues/silicon/0118-reduced.vpr_list_len",1,1,0
"all/issues/silicon/0118.vpr_Listlen",10,15,5
"all/issues/silicon/0118.vpr_Nodeget",12,26,14
"all/issues/silicon/0118.vpr_Nodelen",12,19,7
"all/issues/silicon/0120a.vpr_Nodereverse_vals$",12,19,7
"all/issues/silicon/0120a.vpr_Nodevals$",12,19,7
"all/issues/silicon/0120b.vpr_length",10,10,0
"all/issues/silicon/0135.vpr_fun01",6,6,0
"all/issues/silicon/0153.vpr_fun",1,3,2
"all/issues/silicon/0154-1.vpr_NodegetNext$",5,11,6
"all/issues/silicon/0154.vpr_Nodet$",5,11,6
"all/issues/silicon/0155.vpr_i",5,12,7
"all/issues/silicon/0163.vpr_inhaleTrue",1,1,0
"all/issues/silicon/0163.vpr_main",1,1,0
"all/issues/silicon/0163.vpr_main2",3,1,-2
"all/issues/silicon/0163.vpr_onlyWorksWithInhale",1,1,0
"all/issues/silicon/0163.vpr_onlyWorksWithPreExhale",3,3,0
"all/issues/silicon/0163.vpr_postInhale",1,1,0
"all/issues/silicon/0203.vpr_recfun",1,1,0
"all/issues/silicon/0207.vpr_length",3,43,40
"all/issues/silicon/0210.vpr_silver_length",10,15,5
"all/issues/silicon/0224.vpr_f_lcp",3,103,100
"all/issues/silicon/0224.vpr_f_loop",20,115,95
"all/issues/silicon/0225.vpr_f2",1,1,0
"all/issues/silicon/0225.vpr_f4",1,1,0
"all/issues/silicon/0228b.vpr_cond",3,3,0
"all/issues/silicon/0228b.vpr_getptr",1,1,0
"all/issues/silicon/0228c.vpr_get",1,1,0
"all/issues/silicon/0240.vpr_foo",1,1,0
"all/issues/silicon/0240.vpr_foo_qp",1,13,12
"all/issues/silicon/0264.vpr_validList",3,3,0
"all/issues/silicon/0276.vpr_m",6,6,0
"all/issues/silicon/0281.vpr_extension_len_rec",10,90,80
"all/issues/silicon/0282.vpr_at1",1,3,2
"all/issues/silicon/0282.vpr_at2",1,3,2
"all/issues/silicon/0282.vpr_fun",1,1,0
"all/issues/silicon/0282.vpr_fun2",1,1,0
"all/issues/silicon/0286.vpr_elems",8,8,0
"all/issues/silicon/0286.vpr_lsegelems",8,8,0
"all/issues/silicon/0288.vpr_f",6,64,58
"all/issues/silicon/0292.vpr_SCIONPath_get_iof",1,4,3
"all/issues/silicon/0299.vpr_dummy",1,1,0
"all/issues/silicon/0313b.vpr_item_at",10,12,2
"all/issues/silicon/0313b.vpr_length",8,8,0
"all/issues/silicon/0331.vpr_integer2",1,1,0
"all/issues/silicon/0331.vpr_integer",8,8,0
"all/issues/silicon/0333.vpr_I2",13,22,9
"all/issues/silicon/0334.vpr_tree_size",10,52,42
"all/issues/silicon/0334.vpr_tree_size_fix",10,52,42
"all/issues/silicon/0352.vpr_bar",1,1,0
"all/issues/silicon/0352.vpr_foo",1,1,0
"all/issues/silicon/0352.vpr_foo2",1,1,0
"all/issues/silicon/0352.vpr_foo3",5,5,0
"all/issues/silicon/0370.vpr_getVCTOption1",3,3,0
"all/issues/silicon/0378a.vpr_foo",12,112,100
"all/issues/silicon/0378b.vpr_inv",7,89,82
"all/issues/silicon/0379a.vpr_f",18,57,39
"all/issues/silicon/0379b.vpr_f",1,1,0
"all/issues/silicon/0385.vpr_foo_1_1",1,8,7
"all/issues/silicon/0385.vpr_foo_1_2",1,3,2
"all/issues/silicon/0385.vpr_foo_2_1",1,8,7
"all/issues/silicon/0385.vpr_foo_2_2",1,3,2
"all/issues/silicon/0393a.vpr_peek_neighbors",3,7,4
"all/issues/silicon/0395a.vpr_isInt",1,1,0
"all/issues/silicon/0483a.vpr_IsReordered",17,145,128
"all/issues/silicon/0483b.vpr_Property",6,57,51
"all/issues/silicon/0491.vpr_foo",12,103,91
"all/issues/silicon/0493c.vpr_sign_two",1,1,0
"all/issues/silicon/0512.vpr_seqToSeqHelper_frac",9,101,92
"all/issues/silicon/0512.vpr_seqToSeqHelper_wild",9,124,115
"all/issues/silicon/0512.vpr_sumContrib",12,113,101
"all/issues/silicon/unofficial001.vpr_last",8,36,28
"all/issues/silicon/unofficial002.vpr_degrees",15,17,2
"all/issues/silicon/unofficial003.vpr_fun01",1,3,2
"all/issues/silicon/unofficial003.vpr_fun02",6,6,0
"all/issues/silicon/unofficial003.vpr_vals",13,17,4
"all/issues/silicon/unofficial005.vpr_select",1,1,0
"all/issues/silicon/unofficial007.vpr_ascending",12,14,2
"all/issues/silicon/unofficial007.vpr_itemAt",10,12,2
"all/issues/silicon/unofficial007.vpr_length",8,8,0
"all/issues/silicon/unofficial008.vpr_get_idx_1",3,3,0
"all/issues/silicon/unofficial008.vpr_get_idx",3,3,0
"all/issues/silver/0008.vpr_id",1,1,0
"all/issues/silver/0008.vpr_sq",1,1,0
"all/issues/silver/0051.vpr_Nodes",1,1,0
"all/issues/silver/0078.vpr_fun",1,1,0
"all/issues/silver/0118.vpr_zip",16,14,-2
"all/issues/silver/0127.vpr_F2",1,1,0
"all/issues/silver/0127.vpr_idf",1,1,0
"all/issues/silver/0130.vpr_f",1,1,0
"all/issues/silver/0130.vpr_g",1,1,0
"all/issues/silver/0211.vpr_f",1,1,0
"all/issues/silver/0211.vpr_fi",1,1,0
"all/issues/silver/0211.vpr_g",5,1,-4
"all/issues/silver/0211.vpr_gi",1,1,0
"all/issues/silver/0251.vpr_f",1,1,0
"all/predicates/different_field_types.vpr_fun",3,6,3
"all/predicates/lseg.vpr_get",10,12,2
"all/predicates/lseg.vpr_length",8,8,0
"all/sequences/sequence_incompletenesses.vpr_valid",23,23,0
"all/sequences/sequences.vpr_trivial",1,1,0
"all/third_party/stefan_recent/test_fibonacci.vpr_Fib__fib",8,8,0
"all/third_party/stefan_recent/test_functions.vpr_counter__get",5,3,-2
"all/third_party/stefan_recent/testHistoryApplication.vpr_History__free_get_x",3,7,4
"all/third_party/stefan_recent/testHistoryApplication.vpr_History__hist_get_x",3,7,4
"all/third_party/stefan_recent/testHistoryLoop.vpr_History__free_get_x",3,7,4
"all/third_party/stefan_recent/testHistoryLoop.vpr_History__hist_get_x",3,7,4
"all/third_party/stefan_recent/testHistoryThreadsApplication.vpr_History__free_get_x",3,7,4
"all/third_party/stefan_recent/testHistoryThreadsApplication.vpr_History__hist_get_x",3,7,4
"all/third_party/stefan_recent/testListAppend.vpr_List__contents",12,14,2
"all/third_party/stefan_recent/testListAppend.vpr_List__get_next",5,5,0
"all/third_party/stefan_recent/testListAppend.vpr_Wand_list_for_list__get_in_1_0",5,25,20
"all/third_party/stefan_recent/testListAppend.vpr_Wand_list_for_list__get_in_1",5,25,20
"all/third_party/stefan_recent/testListAppend.vpr_Wand_list_for_list__get_out_1_0",5,25,20
"all/third_party/stefan_recent/testListAppend.vpr_Wand_list_for_list__get_out_1",5,25,20
"all/third_party/stefan_recent/test_list.vpr_node__contents",12,14,2
"all/third_party/stefan_recent/testTreeRecursive.vpr_Tree__contents",10,63,53
"all/third_party/stefan_recent/testTreeWandE1.vpr_Tree__sorted",3,6,3
"all/third_party/stefan_recent/testTreeWandE1.vpr_Tree__sorted_list",8,8,0
"all/third_party/stefan_recent/testTreeWandE1.vpr_Tree__tolist",10,63,53
"all/third_party/stefan_recent/testTreeWandE1.vpr_Wand_state_contains_for_state_contains__get_in_1_0",5,28,23
"all/third_party/stefan_recent/testTreeWandE1.vpr_Wand_state_contains_for_state_contains__get_in_1",5,28,23
"all/third_party/stefan_recent/testTreeWandE1.vpr_Wand_state_contains_for_state_contains__get_out_1_0",5,28,23
"all/third_party/stefan_recent/testTreeWandE1.vpr_Wand_state_contains_for_state_contains__get_out_1",5,28,23
"all/third_party/stefan_recent/testTreeWandE2.vpr_Tree__sorted",3,6,3
"all/third_party/stefan_recent/testTreeWandE2.vpr_Tree__sorted_list",1,1,0
"all/third_party/stefan_recent/testTreeWandE2.vpr_Tree__tolist",10,63,53
"all/third_party/stefan_recent/testTreeWandE2.vpr_Wand_state_contains_for_state_contains__get_in_1_0",5,28,23
"all/third_party/stefan_recent/testTreeWandE2.vpr_Wand_state_contains_for_state_contains__get_in_1",5,28,23
"all/third_party/stefan_recent/testTreeWandE2.vpr_Wand_state_contains_for_state_contains__get_out_1_0",5,28,23
"all/third_party/stefan_recent/testTreeWandE2.vpr_Wand_state_contains_for_state_contains__get_out_1",5,28,23
"all/third_party/stefan_recent/testTreeWand.vpr_Tree__sorted",3,6,3
"all/third_party/stefan_recent/testTreeWand.vpr_Tree__sorted_list",8,8,0
"all/third_party/stefan_recent/testTreeWand.vpr_Tree__tolist",10,63,53
"all/third_party/stefan_recent/testTreeWand.vpr_Wand_state_contains_for_state_contains__get_in_1_0",5,28,23
"all/third_party/stefan_recent/testTreeWand.vpr_Wand_state_contains_for_state_contains__get_in_1",5,28,23
"all/third_party/stefan_recent/testTreeWand.vpr_Wand_state_contains_for_state_contains__get_out_1_0",5,28,23
"all/third_party/stefan_recent/testTreeWand.vpr_Wand_state_contains_for_state_contains__get_out_1",5,28,23
"all/third_party/stefan_recent/testWandDemo.vpr_WandDemo__get",5,3,-2
"all/third_party/stefan_recent/testWandDemo.vpr_Wand_readonly_for_writeonly__get_in_1",5,10,5
"all/third_party/stefan_recent/testWandDemo.vpr_Wand_readonly_for_writeonly__get_out_1",5,10,5
"all/third_party/vercors/vercors_magic_wand_demo.encoded.chalice.vpr_WandDemoget$",5,9,4
"all/third_party/vercors/vercors_magic_wand_demo.encoded.chalice.vpr_Wand_readonly_for_writeonlyget_in_1$",5,13,8
"all/third_party/vercors/vercors_magic_wand_demo.encoded.chalice.vpr_Wand_readonly_for_writeonlyget_out_1$",5,13,8
"examples/quickselect/arrays_quickselect_rec_index-shifting.vpr_dummy",1,1,0
"examples/quickselect/arrays_quickselect_rec.vpr_dummy",1,1,0
"examples/tree-delete-min/tree_delete_min.vpr_val",3,5,2
"examples/tree-delete-min/tree_delete_min.vpr_vals",10,10,0
"examples/vmcai2016/arraylist-quantified-permissions.vpr_itemAt",5,47,42
"examples/vmcai2016/arraylist-quantified-permissions.vpr_length",1,26,25
"examples/vmcai2016/linked-list-predicates.vpr_content",3,3,0
"examples/vmcai2016/linked-list-predicates.vpr_contentNodes",8,8,0
"examples/vmcai2016/linked-list-predicates.vpr_length",3,3,0
"examples/vmcai2016/linked-list-predicates.vpr_lengthNodes",8,8,0
"examples/vmcai2016/linked-list-predicates.vpr_peek",5,5,0
"quantifiedcombinations/dependency.vpr_get_val",3,3,0
"quantifiedcombinations/functions.vpr_fun_f",5,41,36
"quantifiedcombinations/functions.vpr_fun_P",5,45,40
"quantifiedcombinations/functions.vpr_get_f",1,1,0
"quantifiedcombinations/functions.vpr_get_P",1,1,0
"quantifiedcombinations/multiple_quantifiers.vpr_getP",5,5,0
"quantifiedpermissions/issues/issue_0079.vpr_getField01",3,32,29
"quantifiedpermissions/issues/issue_0079.vpr_getField",5,32,27
"quantifiedpermissions/issues/issue_0122.vpr_fun01",1,32,31
"quantifiedpermissions/issues/issue_0139.vpr_fun03",5,56,51
"quantifiedpermissions/issues/issue_0142.vpr_fun",3,63,60
"quantifiedpermissions/issues/issue_0142.vpr_fun_impl",3,35,32
"quantifiedpermissions/issues/unofficial_0003.vpr_trigger",1,1,0
"quantifiedpermissions/issues/unofficial_0004.vpr_trigger",1,1,0
"quantifiedpermissions/misc/countfalse.vpr_countFalse",12,98,86
"quantifiedpermissions/misc/countfalse.vpr_countFalseX",10,70,60
"quantifiedpermissions/misc/functions2.vpr_fun01",8,39,31
"quantifiedpermissions/misc/functions2.vpr_fun02",5,66,61
"quantifiedpermissions/misc/functions.vpr_fun01",3,35,32
"quantifiedpermissions/misc/functions.vpr_fun02",5,37,32
"quantifiedpermissions/misc/functions.vpr_fun03",3,64,61
"quantifiedpermissions/misc/functions.vpr_fun04",7,84,77
"quantifiedpermissions/misc/functions.vpr_fun06",5,68,63
"quantifiedpermissions/misc/functions.vpr_fun07",11,127,116
"quantifiedpermissions/misc/functions.vpr_fun08",3,39,36
"quantifiedpermissions/misc/snapshots2.vpr_f1",1,123,122
"quantifiedpermissions/misc/snapshots.vpr_g1",1,1,0
"quantifiedpermissions/misc/snapshots.vpr_g2",1,33,32
"quantifiedpermissions/misc/snapshots.vpr_g3",1,33,32
"quantifiedpermissions/misc/snapshots.vpr_g4",3,32,29
"quantifiedpermissions/misc/snapshots.vpr_g5",3,73,70
"quantifiedpermissions/misc/snapshots.vpr_g6",1,75,74
"quantifiedpermissions/misc/triggers_field_deref.vpr_inv",1,1,0
"quantifiedpermissions/sequences/array.vpr_get",5,10,5
"quantifiedpermissions/sequences/linked-list-qp-append.vpr_itemAt",7,108,101
"quantifiedpermissions/sequences/linked-list-qp-append.vpr_length",3,81,78
"quantifiedpermissions/sequences/random_access.vpr_exp",1,1,0
"quantifiedpermissions/sequences/snapshots1.vpr_fun1",3,31,28
"quantifiedpermissions/sequences/snapshots1.vpr_fun2",1,29,28
"quantifiedpermissions/sequences/snapshots2.vpr_get01",1,1,0
"quantifiedpermissions/sequences/snapshots2.vpr_get02",3,5,2
"quantifiedpermissions/sequences/snapshots2.vpr_id",1,1,0
"quantifiedpermissions/sets/functions.vpr_fun1",1,32,31
"quantifiedpermissions/sets/functions.vpr_fun2",7,37,30
"quantifiedpermissions/sets/functions.vpr_fun3",7,76,69
"quantifiedpermissions/sets/functions.vpr_fun4",5,114,109
"quantifiedpermissions/sets/functions.vpr_fun5",5,114,109
"quantifiedpermissions/sets/functions.vpr_fun6",5,114,109
"quantifiedpermissions/sets/snapshots1.vpr_fun1",1,32,31
"quantifiedpermissions/sets/snapshots1.vpr_fun2",1,30,29
"quantifiedpermissions/sets/snapshots2.vpr_fun",8,71,63
"quantifiedpermissions/sets/unionfind.vpr_allNodes",1,38,37
"quantifiedpermissions/sets/unionfind.vpr_find",10,58,48
"quantifiedpermissions/third_party/array_problem.vpr_count",22,108,86
"quantifiedpermissions/third_party/array-sum.vpr_sum",15,134,119
"quantifiedpermissions/third_party/blom02.vpr_Map__DELETED",1,1,0
"quantifiedpermissions/third_party/blom02.vpr_Map__EMPTY",1,1,0
"quantifiedpermissions/third_party/blom02.vpr_Map__indexOfLoop",40,446,406
"quantifiedpermissions/third_party/summation.vpr_count_array",12,118,106
"quantifiedpermissions/third_party/summation.vpr_count_list",12,14,2
"quantifiedpermissions/third_party/summation.vpr_count_square",22,261,239
"quantifiedpermissions/third_party/summation.vpr_sum_array",10,115,105
"quantifiedpermissions/third_party/summation.vpr_sum_list",10,14,4
"quantifiedpermissions/third_party/summation.vpr_sum_square",18,257,239
"quantifiedpermissions/third_party/test_backward_dep_c.vpr_count_array",12,118,106
"quantifiedpermissions/third_party/test_backward_dep_c.vpr_count_list",12,14,2
"quantifiedpermissions/third_party/test_backward_dep_c.vpr_count_square",22,261,239
"quantifiedpermissions/third_party/test_backward_dep_c.vpr_sum_array",10,115,105
"quantifiedpermissions/third_party/test_backward_dep_c.vpr_sum_list",10,14,4
"quantifiedpermissions/third_party/test_backward_dep_c.vpr_sum_square",18,257,239
"quantifiedpermissions/third_party/test_backward_dep_drf_c.vpr_count_array",12,118,106
"quantifiedpermissions/third_party/test_backward_dep_drf_c.vpr_count_list",12,14,2
"quantifiedpermissions/third_party/test_backward_dep_drf_c.vpr_count_square",22,261,239
"quantifiedpermissions/third_party/test_backward_dep_drf_c.vpr_sum_array",10,115,105
"quantifiedpermissions/third_party/test_backward_dep_drf_c.vpr_sum_list",10,14,4
"quantifiedpermissions/third_party/test_backward_dep_drf_c.vpr_sum_square",18,257,239
"quantifiedpermissions/third_party/test_backward_dep_e1_c.vpr_count_array",12,118,106
"quantifiedpermissions/third_party/test_backward_dep_e1_c.vpr_count_list",12,14,2
"quantifiedpermissions/third_party/test_backward_dep_e1_c.vpr_count_square",22,261,239
"quantifiedpermissions/third_party/test_backward_dep_e1_c.vpr_sum_array",10,115,105
"quantifiedpermissions/third_party/test_backward_dep_e1_c.vpr_sum_list",10,14,4
"quantifiedpermissions/third_party/test_backward_dep_e1_c.vpr_sum_square",18,257,239
"quantifiedpermissions/third_party/test_binomial_auto.vpr_demo__bin",12,14,2
"quantifiedpermissions/third_party/test_binomial_noauto.vpr_demo__bin",12,14,2
"quantifiedpermissions/third_party/testDepParLoopBackE1.vpr_count_array",12,118,106
"quantifiedpermissions/third_party/testDepParLoopBackE1.vpr_count_list",12,14,2
"quantifiedpermissions/third_party/testDepParLoopBackE1.vpr_count_square",22,261,239
"quantifiedpermissions/third_party/testDepParLoopBackE1.vpr_sum_array",10,115,105
"quantifiedpermissions/third_party/testDepParLoopBackE1.vpr_sum_list",10,14,4
"quantifiedpermissions/third_party/testDepParLoopBackE1.vpr_sum_square",18,257,239
"quantifiedpermissions/third_party/testDepParLoopBack.vpr_count_array",12,118,106
"quantifiedpermissions/third_party/testDepParLoopBack.vpr_count_list",12,14,2
"quantifiedpermissions/third_party/testDepParLoopBack.vpr_count_square",22,261,239
"quantifiedpermissions/third_party/testDepParLoopBack.vpr_sum_array",10,115,105
"quantifiedpermissions/third_party/testDepParLoopBack.vpr_sum_list",10,14,4
"quantifiedpermissions/third_party/testDepParLoopBack.vpr_sum_square",18,257,239
"quantifiedpermissions/third_party/testDepParLoopE1.vpr_count_array",12,118,106
"quantifiedpermissions/third_party/testDepParLoopE1.vpr_count_list",12,14,2
"quantifiedpermissions/third_party/testDepParLoopE1.vpr_count_square",22,261,239
"quantifiedpermissions/third_party/testDepParLoopE1.vpr_sum_array",10,115,105
"quantifiedpermissions/third_party/testDepParLoopE1.vpr_sum_list",10,14,4
"quantifiedpermissions/third_party/testDepParLoopE1.vpr_sum_square",18,257,239
"quantifiedpermissions/third_party/testDepParLoop.vpr_count_array",12,118,106
"quantifiedpermissions/third_party/testDepParLoop.vpr_count_list",12,14,2
"quantifiedpermissions/third_party/testDepParLoop.vpr_count_square",22,261,239
"quantifiedpermissions/third_party/testDepParLoop.vpr_sum_array",10,115,105
"quantifiedpermissions/third_party/testDepParLoop.vpr_sum_list",10,14,4
"quantifiedpermissions/third_party/testDepParLoop.vpr_sum_square",18,257,239
"quantifiedpermissions/third_party/test_forward_dep_c.vpr_count_array",12,118,106
"quantifiedpermissions/third_party/test_forward_dep_c.vpr_count_list",12,14,2
"quantifiedpermissions/third_party/test_forward_dep_c.vpr_count_square",22,261,239
"quantifiedpermissions/third_party/test_forward_dep_c.vpr_sum_array",10,115,105
"quantifiedpermissions/third_party/test_forward_dep_c.vpr_sum_list",10,14,4
"quantifiedpermissions/third_party/test_forward_dep_c.vpr_sum_square",18,257,239
"quantifiedpermissions/third_party/test_forward_dep_drf_c.vpr_count_array",12,118,106
"quantifiedpermissions/third_party/test_forward_dep_drf_c.vpr_count_list",12,14,2
"quantifiedpermissions/third_party/test_forward_dep_drf_c.vpr_count_square",22,261,239
"quantifiedpermissions/third_party/test_forward_dep_drf_c.vpr_sum_array",10,115,105
"quantifiedpermissions/third_party/test_forward_dep_drf_c.vpr_sum_list",10,14,4
"quantifiedpermissions/third_party/test_forward_dep_drf_c.vpr_sum_square",18,257,239
"quantifiedpermissions/third_party/test_forward_dep_e1_c.vpr_count_array",12,118,106
"quantifiedpermissions/third_party/test_forward_dep_e1_c.vpr_count_list",12,14,2
"quantifiedpermissions/third_party/test_forward_dep_e1_c.vpr_count_square",22,261,239
"quantifiedpermissions/third_party/test_forward_dep_e1_c.vpr_sum_array",10,115,105
"quantifiedpermissions/third_party/test_forward_dep_e1_c.vpr_sum_list",10,14,4
"quantifiedpermissions/third_party/test_forward_dep_e1_c.vpr_sum_square",18,257,239
"quantifiedpermissions/third_party/testHistogram.vpr_count_array",12,126,114
"quantifiedpermissions/third_party/testHistogram.vpr_count_list",12,14,2
"quantifiedpermissions/third_party/testHistogram.vpr_count_square",22,259,237
"quantifiedpermissions/third_party/testHistogram.vpr_sum_array",10,115,105
"quantifiedpermissions/third_party/testHistogram.vpr_sum_list",10,14,4
"quantifiedpermissions/third_party/testHistogram.vpr_sum_square",18,257,239
"quantifiedpermissions/third_party/test_idx_3.vpr_idx",1,1,0
"quantifiedpermissions/third_party/test_indep_loop_drf_c.vpr_count_array",12,118,106
"quantifiedpermissions/third_party/test_indep_loop_drf_c.vpr_count_list",12,14,2
"quantifiedpermissions/third_party/test_indep_loop_drf_c.vpr_count_square",22,261,239
"quantifiedpermissions/third_party/test_indep_loop_drf_c.vpr_sum_array",10,115,105
"quantifiedpermissions/third_party/test_indep_loop_drf_c.vpr_sum_list",10,14,4
"quantifiedpermissions/third_party/test_indep_loop_drf_c.vpr_sum_square",18,257,239
"quantifiedpermissions/third_party/test_IterationExample.vpr_count_array",12,118,106
"quantifiedpermissions/third_party/test_IterationExample.vpr_count_list",12,14,2
"quantifiedpermissions/third_party/test_IterationExample.vpr_count_square",22,261,239
"quantifiedpermissions/third_party/test_IterationExample.vpr_sum_array",10,115,105
"quantifiedpermissions/third_party/test_IterationExample.vpr_sum_list",10,14,4
"quantifiedpermissions/third_party/test_IterationExample.vpr_sum_square",18,257,239
"quantifiedpermissions/third_party/testNestedDoubleIC.vpr_count_array",12,118,106
"quantifiedpermissions/third_party/testNestedDoubleIC.vpr_count_list",12,14,2
"quantifiedpermissions/third_party/testNestedDoubleIC.vpr_count_square",22,261,239
"quantifiedpermissions/third_party/testNestedDoubleIC.vpr_sum_array",10,115,105
"quantifiedpermissions/third_party/testNestedDoubleIC.vpr_sum_list",10,14,4
"quantifiedpermissions/third_party/testNestedDoubleIC.vpr_sum_square",18,257,239
"quantifiedpermissions/third_party/testNestedSingleIC.vpr_count_array",12,118,106
"quantifiedpermissions/third_party/testNestedSingleIC.vpr_count_list",12,14,2
"quantifiedpermissions/third_party/testNestedSingleIC.vpr_count_square",22,261,239
"quantifiedpermissions/third_party/testNestedSingleIC.vpr_sum_array",10,115,105
"quantifiedpermissions/third_party/testNestedSingleIC.vpr_sum_list",10,14,4
"quantifiedpermissions/third_party/testNestedSingleIC.vpr_sum_square",18,257,239
"quantifiedpermissions/third_party/test_par_id.vpr_count_array",12,118,106
"quantifiedpermissions/third_party/test_par_id.vpr_count_list",12,14,2
"quantifiedpermissions/third_party/test_par_id.vpr_count_square",22,261,239
"quantifiedpermissions/third_party/test_par_id.vpr_sum_array",10,115,105
"quantifiedpermissions/third_party/test_par_id.vpr_sum_list",10,14,4
"quantifiedpermissions/third_party/test_par_id.vpr_sum_square",18,257,239
"quantifiedpermissions/third_party/testTranspose.vpr_count_array",12,126,114
"quantifiedpermissions/third_party/testTranspose.vpr_count_list",12,14,2
"quantifiedpermissions/third_party/testTranspose.vpr_count_square",22,259,237
"quantifiedpermissions/third_party/testTranspose.vpr_sum_array",10,115,105
"quantifiedpermissions/third_party/testTranspose.vpr_sum_list",10,14,4
"quantifiedpermissions/third_party/testTranspose.vpr_sum_square",18,257,239
"quantifiedpermissions/third_party/test_vector_add_c.vpr_count_array",12,118,106
"quantifiedpermissions/third_party/test_vector_add_c.vpr_count_list",12,14,2
"quantifiedpermissions/third_party/test_vector_add_c.vpr_count_square",22,261,239
"quantifiedpermissions/third_party/test_vector_add_c.vpr_sum_array",10,115,105
"quantifiedpermissions/third_party/test_vector_add_c.vpr_sum_list",10,14,4
"quantifiedpermissions/third_party/test_vector_add_c.vpr_sum_square",18,257,239
"quantifiedpermissions/third_party/testZeroArrayC.vpr_count_array",12,118,106
"quantifiedpermissions/third_party/testZeroArrayC.vpr_count_list",12,14,2
"quantifiedpermissions/third_party/testZeroArrayC.vpr_count_square",22,261,239
"quantifiedpermissions/third_party/testZeroArrayC.vpr_sum_array",10,115,105
"quantifiedpermissions/third_party/testZeroArrayC.vpr_sum_list",10,14,4
"quantifiedpermissions/third_party/testZeroArrayC.vpr_sum_square",18,257,239
"quantifiedpermissions/third_party/testZeroArrayE1.vpr_count_array",12,118,106
"quantifiedpermissions/third_party/testZeroArrayE1.vpr_count_list",12,14,2
"quantifiedpermissions/third_party/testZeroArrayE1.vpr_count_square",22,261,239
"quantifiedpermissions/third_party/testZeroArrayE1.vpr_sum_array",10,115,105
"quantifiedpermissions/third_party/testZeroArrayE1.vpr_sum_list",10,14,4
"quantifiedpermissions/third_party/testZeroArrayE1.vpr_sum_square",18,257,239
"quantifiedpermissions/third_party/testZeroArrayJava.vpr_count_array",12,118,106
"quantifiedpermissions/third_party/testZeroArrayJava.vpr_count_list",12,14,2
"quantifiedpermissions/third_party/testZeroArrayJava.vpr_count_square",22,261,239
"quantifiedpermissions/third_party/testZeroArrayJava.vpr_sum_array",10,115,105
"quantifiedpermissions/third_party/testZeroArrayJava.vpr_sum_list",10,14,4
"quantifiedpermissions/third_party/testZeroArrayJava.vpr_sum_square",18,257,239
"quantifiedpermissions/third_party/test_zero_array_pvl.vpr_count_array",12,118,106
"quantifiedpermissions/third_party/test_zero_array_pvl.vpr_count_list",12,14,2
"quantifiedpermissions/third_party/test_zero_array_pvl.vpr_count_square",22,261,239
"quantifiedpermissions/third_party/test_zero_array_pvl.vpr_sum_array",10,115,105
"quantifiedpermissions/third_party/test_zero_array_pvl.vpr_sum_list",10,14,4
"quantifiedpermissions/third_party/test_zero_array_pvl.vpr_sum_square",18,257,239
"quantifiedpermissions/third_party/testZeroArray.vpr_count_array",12,118,106
"quantifiedpermissions/third_party/testZeroArray.vpr_count_list",12,14,2
"quantifiedpermissions/third_party/testZeroArray.vpr_count_square",22,261,239
"quantifiedpermissions/third_party/testZeroArray.vpr_sum_array",10,115,105
"quantifiedpermissions/third_party/testZeroArray.vpr_sum_list",10,14,4
"quantifiedpermissions/third_party/testZeroArray.vpr_sum_square",18,257,239
"quantifiedpermissions/third_party/test_zero_matrix_pvl.vpr_count_array",12,126,114
"quantifiedpermissions/third_party/test_zero_matrix_pvl.vpr_count_list",12,14,2
"quantifiedpermissions/third_party/test_zero_matrix_pvl.vpr_count_square",22,259,237
"quantifiedpermissions/third_party/test_zero_matrix_pvl.vpr_sum_array",10,115,105
"quantifiedpermissions/third_party/test_zero_matrix_pvl.vpr_sum_list",10,14,4
"quantifiedpermissions/third_party/test_zero_matrix_pvl.vpr_sum_square",18,257,239
"quantifiedpermissions/third_party/testZeroMatrix.vpr_count_array",12,126,114
"quantifiedpermissions/third_party/testZeroMatrix.vpr_count_list",12,14,2
"quantifiedpermissions/third_party/testZeroMatrix.vpr_count_square",22,259,237
"quantifiedpermissions/third_party/testZeroMatrix.vpr_sum_array",10,115,105
"quantifiedpermissions/third_party/testZeroMatrix.vpr_sum_list",10,14,4
"quantifiedpermissions/third_party/testZeroMatrix.vpr_sum_square",18,257,239
"quantifiedpermissions/third_party/testZeroSubmatrix.vpr_count_array",12,126,114
"quantifiedpermissions/third_party/testZeroSubmatrix.vpr_count_list",12,14,2
"quantifiedpermissions/third_party/testZeroSubmatrix.vpr_count_square",22,259,237
"quantifiedpermissions/third_party/testZeroSubmatrix.vpr_sum_array",10,115,105
"quantifiedpermissions/third_party/testZeroSubmatrix.vpr_sum_list",10,14,4
"quantifiedpermissions/third_party/testZeroSubmatrix.vpr_sum_square",18,257,239
"quantifiedpredicates/arity/snapshots.vpr_f1",1,121,120
"quantifiedpredicates/basic/functions1.vpr_fun_f",5,41,36
"quantifiedpredicates/basic/functions1.vpr_fun_P",5,45,40
"quantifiedpredicates/basic/triggers.vpr_fun",1,1,0
"quantifiedpredicates/basic/triggers.vpr_fun2",1,1,0
"quantifiedpredicates/examples/list_false.vpr_allSet",10,10,0
"quantifiedpredicates/examples/list.vpr_allSet",10,10,0
"termination/functions/basic/adt.vpr_f",8,8,0
"termination/functions/basic/allTypes.vpr_booleans",3,3,0
"termination/functions/basic/allTypes.vpr_booleans_e",6,3,-3
"termination/functions/basic/allTypes.vpr_fact",5,5,0
"termination/functions/basic/allTypes.vpr_fact_e",5,5,0
"termination/functions/basic/allTypes.vpr_multiSets",6,8,2
"termination/functions/basic/allTypes.vpr_multiSets_e",6,8,2
"termination/functions/basic/allTypes.vpr_numberOfUsers",15,9,-6
"termination/functions/basic/allTypes.vpr_predicates",6,6,0
"termination/functions/basic/allTypes.vpr_predicates_e",6,6,0
"termination/functions/basic/allTypes.vpr_rationals",8,6,-2
"termination/functions/basic/allTypes.vpr_rationals_e",8,6,-2
"termination/functions/basic/allTypes.vpr_references",6,3,-3
"termination/functions/basic/allTypes.vpr_references_e",6,3,-3
"termination/functions/basic/allTypes.vpr_sequences",10,6,-4
"termination/functions/basic/allTypes.vpr_sequences_e",8,8,0
"termination/functions/basic/allTypes.vpr_sets",6,6,0
"termination/functions/basic/allTypes.vpr_sets_e",6,6,0
"termination/functions/basic/conditions.vpr_f1",13,13,0
"termination/functions/basic/conditions.vpr_f3",1,1,0
"termination/functions/basic/conditions.vpr_f4",1,1,0
"termination/functions/basic/conditions.vpr_f5",1,1,0
"termination/functions/basic/conditions.vpr_f6",8,10,2
"termination/functions/basic/decCondition.vpr_f1",10,10,0
"termination/functions/basic/decCondition.vpr_f1_e",10,10,0
"termination/functions/basic/decCondition.vpr_f2",10,10,0
"termination/functions/basic/decCondition.vpr_f2_e",10,10,0
"termination/functions/basic/nestedFunctionCalls.sil_f",8,3,-5
"termination/functions/basic/nestedFunctionCalls.sil_f_e",8,3,-5
"termination/functions/basic/nestedFunctionCalls.sil_g",8,6,-2
"termination/functions/basic/postsCheck.vpr_foo",5,5,0
"termination/functions/basic/postsCheck.vpr_g",5,5,0
"termination/functions/basic/postsCheck.vpr_h",5,5,0
"termination/functions/basic/presCheck.vpr_f",1,1,0
"termination/functions/basic/presCheck.vpr_f1",1,1,0
"termination/functions/basic/presCheck.vpr_h",5,5,0
"termination/functions/basic/presCheck.vpr_h_e",5,5,0
"termination/functions/basic/simpleTests.vpr_fun1",3,3,0
"termination/functions/basic/simpleTests.vpr_fun2",9,9,0
"termination/functions/basic/simpleTests.vpr_fun3",5,8,3
"termination/functions/basic/simpleTests.vpr_fun4",6,6,0
"termination/functions/basic/simpleTests.vpr_fun5",3,3,0
"termination/functions/basic/simpleTests.vpr_fun6",3,1,-2
"termination/functions/existingExamples/AckermanFnc.sil_ack",13,13,0
"termination/functions/existingExamples/AckermanFncWithOwnTuples.sil_ack",13,13,0
"termination/functions/existingExamples/BinarySearch.sil_binSearch",18,20,2
"termination/functions/existingExamples/Factorial.sil_fact",5,5,0
"termination/functions/existingExamples/Fibonacci.sil_fib",13,13,0
"termination/functions/existingExamples/LinkedLists.sil_ascending",11,15,4
"termination/functions/existingExamples/LinkedLists.sil_contains",9,16,7
"termination/functions/existingExamples/LinkedLists.sil_elems",10,12,2
"termination/functions/existingExamples/LinkedLists.sil_get",12,18,6
"termination/functions/existingExamples/LinkedLists.sil_head",3,5,2
"termination/functions/existingExamples/LinkedLists.sil_last",8,10,2
"termination/functions/existingExamples/LinkedLists.sil_length",10,12,2
"termination/functions/existingExamples/LinkedLists.sil_sum",10,12,2
"termination/functions/existingExamples/LinkedLists.sil_tail",3,5,2
"termination/functions/existingExamples/McCarthys91Fnc.sil_mc",8,6,-2
"termination/functions/expressions/inhaleexhale.vpr_f",1,1,0
"termination/functions/expressions/letexpr.vpr_f",8,6,-2
"termination/functions/expressions/letexpr.vpr_g",6,6,0
"wands/examples/list_insert_tmp.vpr_elems",8,8,0
"wands/examples/list_insert_tmp.vpr_head",1,1,0
"wands/examples/list_sum_verbose.vpr_sum_rec",8,8,0
"wands/examples_new_syntax/ListIterator.vpr_Node_first",8,6,-2
"wands/examples_new_syntax/ListIterator.vpr_Node_get_next",3,3,0
"wands/examples_new_syntax/ListIterator.vpr_Node_get_prev",3,3,0
"wands/examples_new_syntax/ListIterator.vpr_Node_rev_next",3,3,0
"wands/examples_new_syntax/ListIterator.vpr_Node_rev_prev",3,3,0
"wands/examples_paper/list_insert_noseq_heuristics.vpr_head",1,1,0
"wands/examples_paper/list_insert_noseq.vpr_head",1,1,0
"wands/examples_paper/list_insert.vpr_elems",8,8,0
"wands/examples_paper/list_insert.vpr_head",1,1,0
"wands/examples_paper/list_sum_heuristics.vpr_sum_rec",8,8,0
"wands/examples_paper/list_sum.vpr_sum_rec",8,8,0
"wands/examples_paper/tree_delete_min_heuristics.vpr_val",3,5,2
"wands/examples_paper/tree_delete_min_heuristics.vpr_vals",10,10,0
"wands/examples_paper/tree_delete_min.vpr_val",3,5,2
"wands/examples_paper/tree_delete_min.vpr_vals",10,10,0
"wands/examples/tree_delete_min_no_assert.vpr_val",3,5,2
"wands/examples/tree_delete_min_no_assert.vpr_vals",13,17,4
"wands/new_syntax/ApplyingBranching.vpr_getFirst",1,6,5
"wands/new_syntax/ApplyingBranching.vpr_getSecond",1,6,5
"wands/new_syntax/ApplyingExpression.vpr_get",1,1,0
"wands/new_syntax/AssertUnfolding.vpr_func",1,1,0
"wands/new_syntax/FunctionCall.vpr_getAndTransform",1,1,0
"wands/new_syntax/QPPredicates.vpr_get",1,1,0
"wands/new_syntax/QPPredicates.vpr_sum",5,5,0
"wands/new_syntax/SnapshotsLearning.vpr_get",1,1,0
"wands/new_syntax/SnapshotsLocallyPackaged.vpr_length",8,8,0
"wands/new_syntax/SnapshotsLocallyPackaged.vpr_sum",5,5,0
"wands/new_syntax/VariableAccess.vpr_getNext",1,1,0
"wands/regression/applying.vpr_sum",5,5,0
"wands/regression/conditionals1.vpr_get",1,1,0
"wands/regression/consumption.vpr_sum",5,5,0
"wands/regression/folding_fun_frame_2.vpr_sum",1,1,0
"wands/regression/folding_fun_frame.vpr_sum_rec",8,8,0
"wands/regression/folding_unfolding_combo.vpr_sum",1,1,0
"wands/regression/folding.vpr_sum",5,5,0
"wands/regression/issue006.vpr_sum",8,6,-2
"wands/regression/issue017.vpr_fun",1,1,0
"wands/regression/let_ghostops.vpr_fun",1,1,0
"wands/regression/let.vpr_fun",1,5,4
"wands/regression/let_wands.vpr_sum",5,5,0
"wands/regression/lhs.vpr_sum",5,5,0
"wands/regression/loop_sum_ghostvar_old.vpr_sum_rec",8,8,0
"wands/regression/old.vpr_fun",1,1,0
"wands/regression/snapshots2.vpr_f3",1,1,0
"wands/regression/snapshots2.vpr_sum",5,5,0
"wands/regression/unfolding.vpr_sum",5,5,0
